common_name,internal_name,slug_en,slug_zh,conservation_status,class,order,family,genus,biomes,continents,enclosure_types,content_pack,reveal_date,size_male,size_female,size_measurement,weight_male_kg,weight_female_kg,weight_male_text,weight_female_text,weight_source,barrier_grade,barrier_min_height_m,barrier_climb_proof,barrier_allow_water,id,loc_key_name
Aardvark,Aardvark,aardvark,土豚,LeastConcern,Mammalia,Tubulidentata,Orycteropodidae,Orycteropus,Savannah,Africa,HabitatTerrestrial,BaseGame,2026-07-14T00:00:00.000Z,0.66,0.66,Shoulder,50,50,50 kg,50 kg,zoopedia-payload,2,1,false,false,c1066a19,Animal_Aardvark
Clown Anemonefish,Anemonefish_Clown,clown-anemonefish,眼斑双锯鱼,LeastConcern,Actinopterygii,Blenniiformes,Pomacentridae,Amphiprion,Reef|Reef,IndianOcean|PacificOcean|IndianOcean|PacificOcean,HabitatAquarium|Exhibit,BaseGame,2026-09-22T00:00:00.000Z,,,,,,,,,,,,,4cabc97e,Animal_Anemonefish_Clown
Nyala,Antelope_Nyala,nyala,安氏林羚,LeastConcern,Mammalia,Artiodactyla,Bovidae,Tragelaphus,Savannah,Africa,HabitatTerrestrial,BaseGame,2026-09-08T00:00:00.000Z,1,0.8,Shoulder,112,64,112 kg,64 kg,zoopedia-payload,2,1.25,false,false,cfa1ec7a,Animal_Antelope_Nyala
Sable Antelope,Antelope_Sable,sable-antelope,黑马羚,LeastConcern,Mammalia,Artiodactyla,Hippotraginae,Hippotragus,Savannah,Africa,HabitatTerrestrial,BaseGame,2026-09-01T00:00:00.000Z,1.25,1.1,Shoulder,235,220,235 kg,220 kg,zoopedia-payload,2,1.25,false,false,2bfb407f,Animal_Antelope_Sable
Springbok,Antelope_Springbok,springbok,跳羚,LeastConcern,Mammalia,Artiodactyla,Bovidae,Antidorcas,Desert|Savannah,Africa,HabitatTerrestrial,BaseGame,2026-07-21T00:00:00.000Z,0.8,0.8,Shoulder,35,35,35 kg,35 kg,zoopedia-payload,2,1.25,false,false,8f8de8cb,Animal_Antelope_Springbok
North Sulawesi Babirusa,Babirusa_NorthSulawesi,north-sulawesi-babirusa,北苏拉威西鹿豚,Vulnerable,Mammalia,Artiodactyla,Suidae,Babyrousa,Rainforest,Asia,HabitatTerrestrial,BaseGame,2026-10-06T00:00:00.000Z,0.66,0.58,Shoulder,85,61.5,85 kg,61.5 kg,zoopedia-payload,2,1.25,false,false,9bcbc192,Animal_Babirusa_NorthSulawesi
Schooling Bannerfish,Bannerfish_Schooling,schooling-bannerfish,多棘马夫鱼,LeastConcern,Actinopterygii,Acanthuriformes,Chaetodontidae,Heniochus,Reef|Reef,IndianOcean|PacificOcean|IndianOcean|PacificOcean,HabitatAquarium|Exhibit,BaseGame,2026-07-21T00:00:00.000Z,,,,,,,,,,,,,1f8b11ad,Animal_Bannerfish_Schooling
Longfin Batfish,Batfish_Longfin,longfin-batfish,尖翅燕鱼,LeastConcern,Actinopterygii,Acanthuriformes,Ephippidae,Platax,Reef,IndianOcean|PacificOcean,HabitatAquarium,Deluxe,2026-06-23T00:00:00.000Z,,,,,,,,,,,,,639680f0,Animal_Batfish_Longfin
Eurasian Brown Bear,Bear_EurasianBrown,eurasian-brown-bear,欧洲棕熊,LeastConcern,Mammalia,Carnivora,Ursidae,Ursus,Taiga|Temperate|Tundra,Asia|Europe,HabitatTerrestrial,BaseGame,2026-07-07T00:00:00.000Z,2.1,1.8,NoseToRump,1,1,350–500 kg,150–300 kg,zoopedia-overview-text,3,3,true,false,2603f25f,Animal_Bear_EurasianBrown
Grizzly Bear,Bear_Grizzly,grizzly-bear,灰熊,LeastConcern,Mammalia,Carnivora,Ursidae,Ursus,Taiga|Temperate|Tundra|Wetlands,NorthAmerica,HabitatTerrestrial,BaseGame,2026-10-06T00:00:00.000Z,2.65,2.25,Length,220,165,220 kg,165 kg,zoopedia-payload,4,2,true,false,865bfc37,Animal_Bear_Grizzly
Sun Bear,Bear_Sun,sun-bear,马来熊,Vulnerable,Mammalia,Carnivora,Ursidae,Helarctos,Rainforest|Wetlands,Asia,HabitatTerrestrial,BaseGame,2026-09-15T00:00:00.000Z,1.4,1.25,NoseToRump,,,,,,3,3,true,false,a4a52013,Animal_Bear_Sun
Eurasian Beaver,Beaver_Eurasian,eurasian-beaver,欧亚河狸,LeastConcern,Mammalia,Rodentia,Castoridae,Castor,LakesAndRivers|Taiga|Temperate,Asia|Europe,HabitatTerrestrial,BaseGame,2026-08-25T00:00:00.000Z,0.9,0.9,NoseToRump,20,20,20 kg,20 kg,zoopedia-payload,2,1.25,false,false,8a1a80ac,Animal_Beaver_Eurasian
Goliath Beetle,Beetle_Goliath,goliath-beetle,巨大花潜金龟,NotEvaluated,Insecta,Coleoptera,Scarabaeidae,Goliathus,Rainforest|Savannah,Africa,Exhibit,BaseGame,2026-09-15T00:00:00.000Z,0.08,0.07,Length,,,,,,,,,,81b0b20e,Animal_Beetle_Goliath
Sacred Scarab Beetle,Beetle_SacredScarab,sacred-scarab-beetle,神圣粪金龟,NotEvaluated,Insecta,Coleoptera,Scarabaeidae,Scarabaeus,Desert,Africa|Asia|Europe,Exhibit,BaseGame,2026-09-22T00:00:00.000Z,0.02,0.02,Length,,,,,,,,,,25236c2c,Animal_Beetle_SacredScarab
European Bison,Bison_European,european-bison,欧洲野牛,NearThreatened,Mammalia,Artiodactyla,Bovidae,Bison,Taiga|Temperate,Europe,HabitatTerrestrial,BaseGame,2026-06-23T00:00:00.000Z,2,1.83,Shoulder,1,1,615–920 kg,425–635 kg,zoopedia-overview-text,3,1.25,false,false,ea0effdf,Animal_Bison_European
Eurasian Bittern,Bittern_Eurasian,eurasian-bittern,大麻鳽,LeastConcern,Aves,Pelecaniformes,Ardeidae,Botaurus,Temperate|Wetlands,Africa|Asia|Europe,HabitatFlying,BaseGame,2026-09-01T00:00:00.000Z,1.3,1.2,LegSpan,,,,,,2,1,false,false,b810caa8,Animal_Bittern_Eurasian
Wild Boar,Boar_Wild,wild-boar,野猪,LeastConcern,Mammalia,Artiodactyla,Suidae,Sus,Rainforest|Savannah|Temperate|Wetlands,Africa|Asia|Europe,HabitatTerrestrial,BaseGame,2026-09-29T00:00:00.000Z,0.9,0.8,Shoulder,1,1,75–130 kg,60–90 kg,zoopedia-overview-text,2,1.25,false,false,04442165,Animal_Boar_Wild
Cape Buffalo,Buffalo_Cape,cape-buffalo,非洲水牛,NearThreatened,Mammalia,Artiodactyla,Bovidae,Syncerus,Savannah|Wetlands,Africa,HabitatTerrestrial,BaseGame,2026-08-04T00:00:00.000Z,1.5,1.5,Shoulder,680,580,680 kg,580 kg,zoopedia-payload,3,1.25,false,false,c82b795f,Animal_Buffalo_Cape
Cloudless Sulphur,Butterfly_CloudlessSulphur,cloudless-sulphur,黄菲粉蝶,LeastConcern,Insecta,Lepidoptera,Pieridae,Phoebis,Savannah|Taiga|Temperate,NorthAmerica|SouthAmerica,Exhibit,BaseGame,2026-08-25T00:00:00.000Z,0.067,0.067,LegSpan,,,,,,,,,,3178cf94,Animal_Butterfly_CloudlessSulphur
European Peacock,Butterfly_EuropeanPeacock,european-peacock,孔雀蛱蝶,LeastConcern,Insecta,Lepidoptera,Nymphalidae,Aglais,Savannah|Temperate,Asia|Europe,Exhibit,BaseGame,2026-06-30T00:00:00.000Z,0.055,0.055,LegSpan,,,,,,,,,,e57c612e,Animal_Butterfly_EuropeanPeacock
Sri Lankan Rose,Butterfly_MalabarRose,sri-lankan-rose,斯里兰卡曙凤蝶,Endangered,Insecta,Lepidoptera,Papilionidae,Pachliopta,Rainforest,Asia,Exhibit,BaseGame,2026-08-04T00:00:00.000Z,0.15,0.15,LegSpan,,,,,,,,,,a429c782,Animal_Butterfly_MalabarRose
Menelaus Blue Morpho,Butterfly_MenelausBlueMorpho,menelaus-blue-morpho,大蓝闪蝶,NotEvaluated,Insecta,Lepidoptera,Nymphalidae,Morpho,Rainforest|Savannah,SouthAmerica,Exhibit,BaseGame,2026-09-08T00:00:00.000Z,0.12,0.12,LegSpan,,,,,,,,,,732e17e9,Animal_Butterfly_MenelausBlueMorpho
Monarch,Butterfly_Monarch,monarch,帝王蝶,Vulnerable,Insecta,Lepidoptera,Nymphalidae,Danaus,Rainforest|Savannah|Temperate,Asia|Australasia|NorthAmerica|SouthAmerica,Exhibit,BaseGame,2026-09-29T00:00:00.000Z,0.095,0.095,LegSpan,,,,,,,,,,cb943142,Animal_Butterfly_Monarch
Old World Swallowtail,Butterfly_OldWorldSwallowtail,old-world-swallowtail,金凤蝶,LeastConcern,Insecta,Lepidoptera,Papilionidae,Papilio,Savannah|Taiga|Temperate|Tundra,Asia|Europe|NorthAmerica,Exhibit,BaseGame,2026-08-11T00:00:00.000Z,0.075,0.075,LegSpan,,,,,,,,,,e16e92be,Animal_Butterfly_OldWorldSwallowtail
Bactrian Camel,Camel_Bactrian,bactrian-camel,双峰驼,Domesticated,Mammalia,Artiodactyla,Camelidae,Camelus,Desert|Savannah|Temperate,Asia,HabitatTerrestrial,BaseGame,2026-09-29T00:00:00.000Z,2,1.7,Shoulder,725,725,725 kg,725 kg,zoopedia-payload,2,1.25,false,false,842f87c2,Animal_Camel_Bactrian
Amazonian Giant Centipede,Centipede_AmazonianGiant,amazonian-giant-centipede,秘鲁巨人蜈蚣,NotEvaluated,Chilopoda,Scolopendromorpha,Scolopendridae,Scolopendra,Rainforest,SouthAmerica,Exhibit,BaseGame,2026-09-22T00:00:00.000Z,0.28,0.28,Length,,,,,,,,,,af991ead,Animal_Centipede_AmazonianGiant
Western Chimpanzee,Chimpanzee_Western,western-chimpanzee,西非黑猩猩,CriticallyEndangered,Mammalia,Primates,Hominidae,Pan,Rainforest,Africa,HabitatTerrestrial,BaseGame,2026-06-30T00:00:00.000Z,1.45,1.1,Standing,50,40,50 kg,40 kg,zoopedia-payload,3,3,true,true,8e37091e,Animal_Chimpanzee_Western
Blunthead Cichlid,Cichlid_Blunthead,blunthead-cichlid,红身蓝首鱼,LeastConcern,Actinopterygii,Cichliformes,Cichlidae,Tropheus,LakesAndRivers|LakesAndRivers,Africa|Africa,HabitatAquarium|Exhibit,BaseGame,2026-07-14T00:00:00.000Z,,,,,,,,,,,,,56a56818,Animal_Cichlid_Blunthead
Boa Constrictor,Constrictor_Boa,boa-constrictor,红尾蚺,LeastConcern,Reptilia,Squamata,Boidae,Boa,Rainforest|Savannah,NorthAmerica|SouthAmerica,Exhibit,BaseGame,2026-07-21T00:00:00.000Z,2,2.5,Length,,,,,,,,,,611938e0,Animal_Constrictor_Boa
Yellow Anaconda,Constrictor_YellowAnaconda,yellow-anaconda,黄水蚺,LeastConcern,Reptilia,Squamata,Boidae,Eunectes,Savannah|Wetlands,SouthAmerica,Exhibit,BaseGame,2026-09-01T00:00:00.000Z,3.95,3.95,Length,30,30,30 kg,30 kg,zoopedia-payload,,,,,518ac83f,Animal_Constrictor_YellowAnaconda
Saltwater Crocodile,Crocodile_Saltwater,saltwater-crocodile,湾鳄,LeastConcern,Reptilia,Crocodilia,Crocodylidae,Crocodylus,Estuarine|Mangrove|Rainforest,Asia|Australasia,HabitatTerrestrial,BaseGame,2026-06-30T00:00:00.000Z,5.2,3.1,Length,240,160,240 kg,160 kg,zoopedia-payload,3,1,false,false,4d53f7bd,Animal_Crocodile_Saltwater
Threespot Damselfish,Damselfish_Threespot,threespot-damselfish,三斑宅泥鱼,LeastConcern,Actinopterygii,Blenniiformes,Pomacentridae,Dascyllus,Mangrove|Reef|Mangrove|Reef,IndianOcean|PacificOcean|IndianOcean|PacificOcean,HabitatAquarium|Exhibit,BaseGame,2026-09-29T00:00:00.000Z,,,,,,,,,,,,,d082e123,Animal_Damselfish_Threespot
Red Deer,Deer_Red,red-deer,红鹿,LeastConcern,Mammalia,Artiodactyla,Cervidae,Cervus,Temperate,Africa|Asia|Europe,HabitatTerrestrial,BaseGame,2026-07-07T00:00:00.000Z,1.22,1.14,Shoulder,1,1,160–240 kg,120–170 kg,zoopedia-overview-text,2,1.25,false,false,7ee0682a,Animal_Deer_Red
African Wild Dog,Dog_AfricanWild,african-wild-dog,非洲野犬,Endangered,Mammalia,Carnivora,Canidae,Lycaon,Savannah,Africa,HabitatTerrestrial,BaseGame,2026-09-22T00:00:00.000Z,0.73,0.64,Shoulder,,,,,,2,3,false,false,44ba64a2,Animal_Dog_AfricanWild
Dolphinfish,Dolphinfish,dolphinfish,鲯鳅,LeastConcern,Actinopterygii,Carangiformes,Coryphaenidae,Coryphaena,OpenSea,AtlanticOcean|IndianOcean|PacificOcean,HabitatAquarium,BaseGame,2026-08-04T00:00:00.000Z,1,1,Length,,,,,,2,1,false,false,617483cc,Animal_Dolphinfish
Golden Eagle,Eagle_Golden,golden-eagle,金雕,LeastConcern,Aves,Accipitriformes,Accipitridae,Aquila,Desert|Savannah|Taiga|Temperate|Tundra,Africa|Asia|Europe|NorthAmerica,HabitatFlying,Deluxe,2026-06-23T00:00:00.000Z,1.97,2.14,LegSpan,,,,,,2,1,false,false,753a390a,Animal_Eagle_Golden
White-Tailed Sea-Eagle,Eagle_WhiteTailedSea,white-tailed-sea-eagle,白尾海雕,LeastConcern,Aves,Accipitriformes,Accipitridae,Haliaeetus,Taiga|Temperate|Tundra|Wetlands,Asia|Europe,HabitatFlying,BaseGame,2026-08-11T00:00:00.000Z,2.02,2.4,LegSpan,,,,,,2,1,false,false,ee53e210,Animal_Eagle_WhiteTailedSea
African Savannah Elephant,Elephant_AfricanSavannah,african-savannah-elephant,非洲象,Endangered,Mammalia,Proboscidea,Elephantidae,Loxodonta,Desert|Savannah|Wetlands,Africa,HabitatTerrestrial,BaseGame,2026-06-23T00:00:00.000Z,3.2,2.6,Shoulder,1,1,5200–6900 kg,2600–3500 kg,zoopedia-overview-text,4,3,false,false,c7efe7fa,Animal_Elephant_AfricanSavannah
Asian Elephant,Elephant_Indian,asian-elephant,亚洲象,Endangered,Mammalia,Proboscidea,Elephantidae,Elephas,Rainforest|Savannah|Wetlands,Asia,HabitatTerrestrial,BaseGame,2026-09-22T00:00:00.000Z,2.75,2.4,Shoulder,,,,,,4,3,false,false,defaf570,Animal_Elephant_Indian
Greater Flamingo,Flamingo_Greater,greater-flamingo,大红鹳,LeastConcern,Aves,Phoenicopteriformes,Phoenicopteridae,Phoenicopterus,Estuarine|Temperate|Wetlands,Africa|Asia|Europe,HabitatFlying,BaseGame,2026-10-06T00:00:00.000Z,1.6,1.35,Height,3,3,3 kg,3 kg,zoopedia-payload,1,1,false,false,ed2bd5af,Animal_Flamingo_Greater
American Bullfrog,Frog_AmericanBull,american-bullfrog,美洲牛蛙,LeastConcern,Amphibia,Anura,Ranidae,Lithobates,LakesAndRivers|Wetlands,NorthAmerica,Exhibit,BaseGame,2026-07-28T00:00:00.000Z,0.12,0.12,Length,0.4,0.4,0.4 kg,0.4 kg,zoopedia-payload,,,,,65367be7,Animal_Frog_AmericanBull
Giant Slippery Frog,Frog_Goliath,giant-slippery-frog,巨谐蛙,Endangered,Amphibia,Anura,Conrauidae,Conraua,LakesAndRivers,Africa,Exhibit,BaseGame,2026-08-04T00:00:00.000Z,0.25,0.25,Length,2.3,2.3,2.3 kg,2.3 kg,zoopedia-payload,,,,,956a3745,Animal_Frog_Goliath
Blue and Gold Fusilier,Fusilier_BlueAndGold,blue-and-gold-fusilier,褐梅鲷,LeastConcern,Actinopterygii,Acanthuriformes,Lutjanidae,Caesio,Reef|Reef,IndianOcean|PacificOcean|IndianOcean|PacificOcean,HabitatAquarium|Exhibit,Deluxe,2026-06-23T00:00:00.000Z,,,,,,,,,,,,,68b783e3,Animal_Fusilier_BlueAndGold
Thomson's Gazelle,Gazelle_Thomsons,thomson-s-gazelle,汤氏瞪羚,LeastConcern,Mammalia,Artiodactyla,Bovidae,Eudorcas,Savannah,Africa,HabitatTerrestrial,BaseGame,2026-08-04T00:00:00.000Z,0.75,0.75,Shoulder,27,27,27 kg,27 kg,zoopedia-payload,2,1.25,false,false,4f0e28b0,Animal_Gazelle_Thomsons
Gharial,Gharial,gharial,恒河鳄,CriticallyEndangered,Reptilia,Crocodilia,Gavialidae,Gavialis,LakesAndRivers|Rainforest|Wetlands,Asia,HabitatTerrestrial,BaseGame,2026-07-21T00:00:00.000Z,4.4,2.7,Length,300,105,300 kg,105 kg,zoopedia-payload,2,1,false,false,64870c43,Animal_Gharial
Siamang,Gibbon_Siamang,siamang,合趾猿,Endangered,Mammalia,Primates,Hylobatidae,Symphalangus,Rainforest,Asia,HabitatTerrestrial,BaseGame,2026-10-06T00:00:00.000Z,0.88,0.88,Standing,,,,,,2,3,true,true,3c3478bc,Animal_Gibbon_Siamang
Masai Giraffe,Giraffe_Masai,masai-giraffe,马赛长颈鹿,Endangered,Mammalia,Artiodactyla,Giraffidae,Giraffa,Savannah,Africa,HabitatTerrestrial,BaseGame,2026-07-14T00:00:00.000Z,5.4,4.7,Height,1,1,1200–1300 kg,800 kg,zoopedia-overview-text,2,1.25,false,false,234e9b8c,Animal_Giraffe_Masai
Reticulated Giraffe,Giraffe_Reticulated,reticulated-giraffe,网纹长颈鹿,Endangered,Mammalia,Artiodactyla,Giraffidae,Giraffa,Savannah,Africa,HabitatTerrestrial,BaseGame,2026-07-28T00:00:00.000Z,5.4,4.6,Height,1190,830,1190 kg,830 kg,zoopedia-payload,3,2,false,false,5c388f78,Animal_Giraffe_Reticulated
Western Lowland Gorilla,Gorilla_WesternLowland,western-lowland-gorilla,西部低地大猩猩,CriticallyEndangered,Mammalia,Primates,Hominidae,Gorilla,Rainforest|Wetlands,Africa,HabitatTerrestrial,BaseGame,2026-08-18T00:00:00.000Z,1.67,1.5,Standing,,,,,,3,3,true,true,780f5e36,Animal_Gorilla_WesternLowland
Giant Gourami,Gourami_Giant,giant-gourami,大丝足鲈,LeastConcern,Actinopterygii,Anabantiformes,Osphronemidae,Osphronemus,LakesAndRivers|LakesAndRivers,Asia|Asia,HabitatAquarium|Exhibit,BaseGame,2026-09-22T00:00:00.000Z,,,,,,,,,,,,,05475603,Animal_Gourami_Giant
Giant Grouper,Grouper_Giant,giant-grouper,鞍带石斑鱼,DataDeficient,Actinopterygii,Perciformes,Epinephelidae,Epinephelus,Estuarine|Mangrove|Reef,IndianOcean|PacificOcean,HabitatAquarium,BaseGame,2026-09-15T00:00:00.000Z,1,1,Length,,,,,,2,1,false,false,cb68949a,Animal_Grouper_Giant
Mountain Hare,Hare_Mountain,mountain-hare,雪兔,LeastConcern,Mammalia,Lagomorpha,Leporidae,Lepus,Taiga|Temperate|Tundra,Arctic|Asia|Europe,HabitatTerrestrial,BaseGame,2026-08-18T00:00:00.000Z,0.5,0.55,NoseToRump,,,,,,1,1.25,false,true,b4b07a3b,Animal_Hare_Mountain
Common Hippopotamus,Hippopotamus_Common,common-hippopotamus,河马,Vulnerable,Mammalia,Artiodactyla,Hippopotamidae,Hippopotamus,LakesAndRivers|Savannah|Wetlands,Africa,HabitatTerrestrial,BaseGame,2026-06-30T00:00:00.000Z,4.5,3.75,Length,1750,1250,1750 kg,1250 kg,zoopedia-payload,4,2,false,false,5ca986c0,Animal_Hippopotamus_Common
Great Hornbill,Hornbill_Great,great-hornbill,双角犀鸟,Vulnerable,Aves,Bucerotiformes,Bucerotidae,Buceros,Rainforest,Asia,HabitatFlying,BaseGame,2026-08-11T00:00:00.000Z,1,1,LegSpan,,,,,,2,1,false,false,fc0c8446,Animal_Hornbill_Great
Przewalski's Horse,Horse_Przewalskis,przewalski-s-horse,普氏野马,Endangered,Mammalia,Perissodactyla,Equidae,Equus,Desert|Savannah,Asia,HabitatTerrestrial,BaseGame,2026-09-08T00:00:00.000Z,1.35,1.35,Shoulder,305,305,305 kg,305 kg,zoopedia-payload,2,1.25,false,false,29505c45,Animal_Horse_Przewalskis
Spotted Hyena,Hyena_Spotted,spotted-hyena,斑鬣狗,LeastConcern,Mammalia,Carnivora,Hyaenidae,Crocuta,Desert|Savannah,Africa,HabitatTerrestrial,BaseGame,2026-08-11T00:00:00.000Z,0.81,0.86,Shoulder,,,,,,3,3,false,false,9ce5814b,Animal_Hyena_Spotted
Giant Malaysian Leaf Insect,Insect_GiantMalaysianLeaf,giant-malaysian-leaf-insect,马来西亚巨人叶䗛,NotEvaluated,Insecta,Phasmatodea,Phylliidae,Pulchriphyllium,Rainforest,Asia,Exhibit,BaseGame,2026-07-14T00:00:00.000Z,0.104,0.104,Length,,,,,,,,,,979be5cd,Animal_Insect_GiantMalaysianLeaf
Moon Jelly,Jelly_Moon,moon-jelly,海月水母,NotEvaluated,Scyphozoa,Semaeostomeae,Ulmaridae,Aurelia,Estuarine|OpenSea,ArcticOcean|AtlanticOcean|IndianOcean|PacificOcean|SouthernOcean,Exhibit,BaseGame,2026-09-29T00:00:00.000Z,,,,,,,,,,,,,fd818bd2,Animal_Jelly_Moon
Goodfellow's Tree-Kangaroo,Kangaroo_GoodfellowsTree,goodfellow-s-tree-kangaroo,古氏树袋鼠,Endangered,Mammalia,Diprotodontia,Macropodidae,Dendrolagus,Rainforest,Australasia,HabitatTerrestrial,BaseGame,2026-06-30T00:00:00.000Z,0.65,0.6,NoseToRump,1,1,8–9.5 kg,7–8.5 kg,zoopedia-overview-text,1,1,true,false,95a687cd,Animal_Kangaroo_GoodfellowsTree
Ring-Tailed Lemur,Lemur_RingTailed,ring-tailed-lemur,环尾狐猴,Endangered,Mammalia,Primates,Lemuridae,Lemur,Rainforest,Africa,HabitatTerrestrial,BaseGame,2026-09-01T00:00:00.000Z,0.55,0.6,Standing,2.7,2.7,2.7 kg,2.7 kg,zoopedia-payload,2,3,true,true,293ac75a,Animal_Lemur_RingTailed
African Leopard,Leopard_African,african-leopard,非洲豹,Vulnerable,Mammalia,Carnivora,Felidae,Panthera,Rainforest|Savannah,Africa,HabitatTerrestrial,BaseGame,2026-07-16T00:00:00.000Z,0.65,0.6,Shoulder,200,150,200 kg,150 kg,zoopedia-payload,3,3,true,false,56ab860b,Animal_Leopard_African
Snow Leopard,Leopard_Snow,snow-leopard,雪豹,Vulnerable,Mammalia,Carnivora,Felidae,Panthera,Taiga|Tundra,Asia,HabitatTerrestrial,BaseGame,2026-09-15T00:00:00.000Z,0.55,0.5,Shoulder,40,40,40 kg,40 kg,zoopedia-payload,2,3,true,false,61b5496e,Animal_Leopard_Snow
Lion,Lion_African,lion,狮子,Vulnerable,Mammalia,Carnivora,Felidae,Panthera,Savannah,Africa,HabitatTerrestrial,BaseGame,2026-07-07T00:00:00.000Z,1.23,1.07,Shoulder,,,,,,3,3,true,false,f4618f20,Animal_Lion_African
Red Lionfish,Lionfish_Red,red-lionfish,魔鬼蓑鲉,LeastConcern,Actinopterygii,Perciformes,Scorpaenidae,Pterois,Estuarine|Reef,IndianOcean|PacificOcean,HabitatAquarium,BaseGame,2026-07-21T00:00:00.000Z,0.34,0.34,Length,,,,,,2,1,false,false,afb19a34,Animal_Lionfish_Red
Common Bluetongue,Lizard_EasternBlueTongued,common-bluetongue,蓝舌蜥,LeastConcern,Reptilia,Squamata,Scincidae,Tiliqua,Rainforest|Savannah|Temperate,Australasia,Exhibit,BaseGame,2026-07-07T00:00:00.000Z,0.43,0.43,Length,0.35,0.35,0.35 kg,0.35 kg,zoopedia-payload,,,,,3f3140f9,Animal_Lizard_EasternBlueTongued
Gila Monster,Lizard_GilaMonster,gila-monster,希拉毒蜥,NearThreatened,Reptilia,Squamata,Helodermatidae,Heloderma,Desert,NorthAmerica,Exhibit,BaseGame,2026-07-21T00:00:00.000Z,0.56,0.56,Length,0.525,0.525,0.525 kg,0.525 kg,zoopedia-payload,,,,,53830ec0,Animal_Lizard_GilaMonster
Komodo Dragon,Lizard_KomodoDragon,komodo-dragon,科莫多巨蜥,Endangered,Reptilia,Squamata,Varanidae,Varanus,Mangrove|Rainforest|Wetlands,Asia,HabitatTerrestrial,BaseGame,2026-09-01T00:00:00.000Z,2.85,2.3,Length,85,71,85 kg,71 kg,zoopedia-payload,2,1,false,false,08afbc5d,Animal_Lizard_KomodoDragon
Nile Monitor,Lizard_NileMonitor,nile-monitor,尼罗河巨蜥,LeastConcern,Reptilia,Squamata,Varanidae,Varanus,Savannah|Wetlands,Africa,HabitatTerrestrial,BaseGame,2026-08-25T00:00:00.000Z,2.1,1.9,Length,8,8,8 kg,8 kg,zoopedia-payload,2,0.5,false,false,b3a07407,Animal_Lizard_NileMonitor
Clown Loach,Loach_Clown,clown-loach,大刺色鳅,LeastConcern,Actinopterygii,Cypriniformes,Botiidae,Chromobotia,LakesAndRivers|LakesAndRivers,Asia|Asia,HabitatAquarium|Exhibit,BaseGame,2026-07-28T00:00:00.000Z,,,,,,,,,,,,,12490997,Animal_Loach_Clown
Eurasian Lynx,Lynx_Eurasian,eurasian-lynx,欧亚猞猁,LeastConcern,Mammalia,Carnivora,Felidae,Lynx,Taiga|Temperate|Tundra,Asia|Europe,HabitatTerrestrial,BaseGame,2026-08-11T00:00:00.000Z,0.63,0.58,Shoulder,,,,,,2,3,true,false,bd4f6b05,Animal_Lynx_Eurasian
Javan Green Magpie,Magpie_JavanGreen,javan-green-magpie,短尾绿鹊,CriticallyEndangered,Aves,Passeriformes,Corvidae,Cissa,Rainforest,Asia,HabitatFlying,BaseGame,2026-10-06T00:00:00.000Z,0.27,0.27,Length,,,,,,1,1,false,false,c4ef6dca,Animal_Magpie_JavanGreen
West Indian Manatee,Manatee_WestIndian,west-indian-manatee,美洲海牛,Vulnerable,Mammalia,Sirenia,Trichechidae,Trichechus,Estuarine|LakesAndRivers|Mangrove|OpenSea|Wetlands,NorthAmerica|SouthAmerica,HabitatAquarium,BaseGame,2026-09-24T00:00:00.000Z,3,3.2,Length,,,,,,2,1,false,false,d382d438,Animal_Manatee_WestIndian
Meerkat,Meerkat,meerkat,狐獴,LeastConcern,Mammalia,Carnivora,Herpestidae,Suricata,Desert|Savannah,Africa,HabitatTerrestrial,BaseGame,2026-08-04T00:00:00.000Z,0.3,0.3,Length,0.775,0.775,0.775 kg,0.775 kg,zoopedia-payload,1,1.25,false,false,e01b43c9,Animal_Meerkat
Golden Lion Tamarin,Monkey_GoldenLionTamarin,golden-lion-tamarin,金狮面狨,Endangered,Mammalia,Primates,Callitrichidae,Leontopithecus,Rainforest,SouthAmerica,HabitatTerrestrial,Deluxe,2026-06-23T00:00:00.000Z,0.27,0.27,NoseToRump,,,,,,1,3,true,true,c893857c,Animal_Monkey_GoldenLionTamarin
Sumatran Orangutan,Orangutan_Sumatran,sumatran-orangutan,苏门答腊猩猩,CriticallyEndangered,Mammalia,Primates,Hominidae,Pongo,Rainforest,Asia,HabitatTerrestrial,BaseGame,2026-09-10T00:00:00.000Z,0.97,0.78,NoseToRump,,,,,,3,3,true,true,734b8322,Animal_Orangutan_Sumatran
Gemsbok,Oryx_Gemsbok,gemsbok,南非剑羚,LeastConcern,Mammalia,Artiodactyla,Bovidae,Oryx,Desert|Savannah,Africa,HabitatTerrestrial,BaseGame,2026-07-14T00:00:00.000Z,1.15,1.15,Shoulder,260,155,260 kg,155 kg,zoopedia-payload,2,1.25,false,false,93896954,Animal_Oryx_Gemsbok
Common Ostrich,Ostrich_Common,common-ostrich,鸵鸟,LeastConcern,Aves,Struthioniformes,Struthionidae,Struthio,Savannah,Africa,HabitatTerrestrial,BaseGame,2026-09-29T00:00:00.000Z,2.5,1.85,Height,125,110,125 kg,110 kg,zoopedia-payload,2,1.25,false,false,25b70ffd,Animal_Ostrich_Common
Long-Eared Owl,Owl_LongEared,long-eared-owl,长耳鸮,LeastConcern,Aves,Strigiformes,Strigidae,Asio,Savannah|Taiga|Temperate|Wetlands,Africa|Asia|Europe|NorthAmerica,HabitatFlying,BaseGame,2026-08-04T00:00:00.000Z,0.89,0.95,LegSpan,,,,,,2,1,false,false,7b6774dd,Animal_Owl_LongEared
Giant Panda,Panda_Giant,giant-panda,大熊猫,Vulnerable,Mammalia,Carnivora,Ursidae,Ailuropoda,Temperate,Asia,HabitatTerrestrial,BaseGame,2026-09-15T00:00:00.000Z,1.55,1.55,NoseToRump,,,,,,4,2,true,false,ef7fe7c4,Animal_Panda_Giant
Red Panda,Panda_Red,red-panda,小熊猫,Endangered,Mammalia,Carnivora,Ailuridae,Ailurus,Taiga|Temperate,Asia,HabitatTerrestrial,BaseGame,2026-06-30T00:00:00.000Z,0.59,0.59,NoseToRump,,,,,,2,3,false,true,478676c1,Animal_Panda_Red
Sunda Pangolin,Pangolin_Sunda,sunda-pangolin,马来亚穿山甲,CriticallyEndangered,Mammalia,Pholidota,Manidae,Manis,Rainforest,Asia,HabitatTerrestrial,BaseGame,2026-08-25T00:00:00.000Z,0.48,0.48,NoseToRump,,,,,,2,3,true,false,03359a10,Animal_Pangolin_Sunda
Long-Tailed Parakeet,Parakeet_LongTailed,long-tailed-parakeet,长尾鹦鹉,Vulnerable,Aves,Psittaciformes,Psittaculidae,Belocercus,Rainforest,Asia,HabitatFlying,BaseGame,2026-10-01T00:00:00.000Z,0.35,0.35,LegSpan,,,,,,2,1,false,false,abfbe213,Animal_Parakeet_LongTailed
African Penguin,Penguin_African,african-penguin,黑脚企鹅,CriticallyEndangered,Aves,Sphenisciformes,Spheniscidae,Spheniscus,OpenSea|Savannah,Africa,HabitatTerrestrial,BaseGame,2026-06-23T00:00:00.000Z,0.65,0.64,Standing,3.1,3.1,3.1 kg,3.1 kg,zoopedia-payload,2,1,false,false,1b6fe767,Animal_Penguin_African
Blackspotted Puffer,Puffer_Blackspotted,blackspotted-puffer,黑斑叉鼻鲀,LeastConcern,Actinopterygii,Tetraodontiformes,Tetraodontidae,Arothron,Reef,IndianOcean|PacificOcean,HabitatAquarium,BaseGame,2026-07-28T00:00:00.000Z,0.33,0.33,NoseToRump,,,,,,1,1,false,false,4538d732,Animal_Puffer_Blackspotted
Boeseman's Rainbowfish,Rainbowfish_Boesemans,boeseman-s-rainbowfish,贝氏虹银汉鱼,Endangered,Actinopterygii,Atheriniformes,Melanotaeniidae,Melanotaenia,LakesAndRivers|LakesAndRivers,Australasia|Australasia,HabitatAquarium|Exhibit,BaseGame,2026-08-18T00:00:00.000Z,,,,,,,,,,,,,386c7344,Animal_Rainbowfish_Boesemans
Ocellated Eagle Ray,Ray_SpottedEagle,ocellated-eagle-ray,眼斑鹞鲼,Endangered,Chondrichthyes,Myliobatiformes,Aetobatidae,Aetobatus,Estuarine|OpenSea|Reef,IndianOcean|PacificOcean,HabitatAquarium,BaseGame,2026-07-21T00:00:00.000Z,2.5,2.5,LegSpan,1,1,20–35 kg,90 kg,zoopedia-overview-text,2,1,false,false,2a1cb22c,Animal_Ray_SpottedEagle
Common Rudd,Rudd_Common,common-rudd,红眼鱼,LeastConcern,Actinopterygii,Cypriniformes,Leuciscidae,Scardinius,LakesAndRivers|LakesAndRivers,Asia|Europe|Asia|Europe,HabitatAquarium|Exhibit,BaseGame,2026-09-08T00:00:00.000Z,,,,,,,,,,,,,6deea619,Animal_Rudd_Common
Axolotl,Salamander_Axolotl,axolotl,墨西哥钝口螈,CriticallyEndangered,Amphibia,Urodela,Ambystomatidae,Ambystoma,LakesAndRivers,NorthAmerica,Exhibit,Deluxe,2026-06-23T00:00:00.000Z,0.3,0.3,Length,0.3,0.3,0.3 kg,0.3 kg,zoopedia-payload,,,,,d75f80a9,Animal_Salamander_Axolotl
Danube Crested Newt,Salamander_DanubeCrestedNewt,danube-crested-newt,多瑙河冠欧螈,LeastConcern,Amphibia,Urodela,Salamandridae,Triturus,LakesAndRivers|Wetlands,Europe,Exhibit,BaseGame,2026-06-30T00:00:00.000Z,0.014,0.0155,Length,,,,,,,,,,31465222,Animal_Salamander_DanubeCrestedNewt
Fire Salamander,Salamander_Fire,fire-salamander,火蝾螈,Vulnerable,Amphibia,Urodela,Salamandridae,Salamandra,Temperate|Wetlands,Europe,Exhibit,BaseGame,2026-07-14T00:00:00.000Z,0.23,0.23,Length,0.04,0.04,0.04 kg,0.04 kg,zoopedia-payload,,,,,3e57e529,Animal_Salamander_Fire
Pacific Sardine,Sardine_Pacific,pacific-sardine,远东拟沙丁鱼,LeastConcern,Actinopterygii,Clupeiformes,Alosidae,Sardinops,OpenSea,IndianOcean|PacificOcean,HabitatAquarium,BaseGame,2026-07-28T00:00:00.000Z,,,,,,,,,,,,,e81e414e,Animal_Sardine_Pacific
Giant Forest Scorpion,Scorpion_GiantForest,giant-forest-scorpion,红爪雨林蝎,NotEvaluated,Arachnida,Scorpiones,Scorpionidae,Gigantometrus,Rainforest,Asia,Exhibit,BaseGame,2026-09-15T00:00:00.000Z,0.21,0.21,Length,,,,,,,,,,1fa9c8b5,Animal_Scorpion_GiantForest
Secretarybird,Secretarybird,secretarybird,蛇鹫,Endangered,Aves,Accipitriformes,Sagittariidae,Sagittarius,Savannah,Africa,HabitatFlying,BaseGame,2026-06-23T00:00:00.000Z,2.2,2.2,LegSpan,,,,,,2,1,false,false,07b53a43,Animal_Secretarybird
Indo-Pacific Sergeant,Sergeant_IndoPacific,indo-pacific-sergeant,条纹豆娘鱼,LeastConcern,Actinopterygii,Blenniiformes,Pomacentridae,Abudefduf,OpenSea|Reef|OpenSea|Reef,IndianOcean|PacificOcean|IndianOcean|PacificOcean,HabitatAquarium|Exhibit,BaseGame,2026-08-04T00:00:00.000Z,,,,,,,,,,,,,378f470f,Animal_Sergeant_IndoPacific
Blacktip Reef Shark,Shark_BlacktipReef,blacktip-reef-shark,乌翅真鲨,Vulnerable,Chondrichthyes,Carcharhiniformes,Carcharhinidae,Carcharhinus,Estuarine|Mangrove|Reef,IndianOcean|PacificOcean,HabitatAquarium,BaseGame,2026-07-21T00:00:00.000Z,1.2,1.6,Length,,,,,,2,1,false,false,fbd9dbf5,Animal_Shark_BlacktipReef
Great Hammerhead,Shark_GreatHammerhead,great-hammerhead,无沟双髻鲨,CriticallyEndangered,Chondrichthyes,Carcharhiniformes,Sphyrnidae,Sphyrna,OpenSea|Reef,AtlanticOcean|IndianOcean|PacificOcean,HabitatAquarium,Deluxe,2026-06-23T00:00:00.000Z,3.5,5,Length,,,,,,3,1,false,false,6b305007,Animal_Shark_GreatHammerhead
Indo-Pacific Leopard Shark,Shark_IndoPacificLeopard,indo-pacific-leopard-shark,豹纹鲨,Endangered,Chondrichthyes,Orectolobiformes,Stegostomatidae,Stegostoma,Estuarine|Mangrove|OpenSea|Reef,IndianOcean|PacificOcean,HabitatAquarium,BaseGame,2026-07-30T00:00:00.000Z,1.2,1.6,Length,,,,,,2,1,false,false,9d0b900f,Animal_Shark_IndoPacificLeopard
Shoebill,Shoebill,shoebill,鲸头鹳,Vulnerable,Aves,Pelecaniformes,Balaenicipitidae,Balaeniceps,Wetlands,Africa,HabitatFlying,BaseGame,2026-08-13T00:00:00.000Z,2.5,2.4,LegSpan,,,,,,2,1,false,false,2b0d7e28,Animal_Shoebill
Giant Tiger Land Snail,Snail_GiantTigerLand,giant-tiger-land-snail,非洲大蜗牛,NotEvaluated,Gastropoda,Stylommatophora,Achatinidae,Achatina,Rainforest|Savannah,Africa,Exhibit,BaseGame,2026-08-25T00:00:00.000Z,0.28,0.28,Length,,,,,,,,,,4f6d1fc1,Animal_Snail_GiantTigerLand
Sailfin Snapper,Snapper_Sailfin,sailfin-snapper,帆鳍笛鲷,LeastConcern,Actinopterygii,Acanthuriformes,Lutjanidae,Symphorichthys,Reef,Asia|Australasia,HabitatAquarium,BaseGame,2026-08-25T00:00:00.000Z,0.5,0.5,Length,1.3,1.3,1.3 kg,1.3 kg,zoopedia-payload,1,1,false,false,bacddd67,Animal_Snapper_Sailfin
Ocean Sunfish,Sunfish_Ocean,ocean-sunfish,翻车鲀,Vulnerable,Actinopterygii,Tetraodontiformes,Molidae,Mola,OpenSea,IndianOcean|PacificOcean,HabitatAquarium,BaseGame,2026-07-14T00:00:00.000Z,2.5,2.5,Height,,,,,,2,1,false,false,0ba4870c,Animal_Sunfish_Ocean
Palette Surgeonfish,Surgeonfish_Palette,palette-surgeonfish,拟刺尾鲷,LeastConcern,Actinopterygii,Acanthuriformes,Acanthuridae,Paracanthurus,Reef|Reef,IndianOcean|PacificOcean|IndianOcean|PacificOcean,HabitatAquarium|Exhibit,BaseGame,2026-08-18T00:00:00.000Z,,,,,,,,,,,,,eb5fc3cc,Animal_Surgeonfish_Palette
Indian Ocean Oriental Sweetlips,Sweetlips_IndianOceanOriental,indian-ocean-oriental-sweetlips,条斑胡椒鲷,LeastConcern,Actinopterygii,Acanthuriformes,Haemulidae,Plectorhinchus,Estuarine|Reef,IndianOcean|PacificOcean,HabitatAquarium,BaseGame,2026-09-15T00:00:00.000Z,,,,,,,,,,,,,9832d389,Animal_Sweetlips_IndianOceanOriental
Yellow Tang,Tang_Yellow,yellow-tang,黄高鳍刺尾鱼,LeastConcern,Actinopterygii,Acanthuriformes,Acanthuridae,Zebrasoma,Reef|Reef,PacificOcean|PacificOcean,HabitatAquarium|Exhibit,BaseGame,2026-08-11T00:00:00.000Z,,,,,,,,,,,,,aa937b9f,Animal_Tang_Yellow
Malayan Tapir,Tapir_Malayan,malayan-tapir,马来貘,Endangered,Mammalia,Perissodactyla,Tapiridae,Tapirus,Rainforest|Wetlands,Asia,HabitatTerrestrial,BaseGame,2026-08-18T00:00:00.000Z,0.95,1.05,Shoulder,345,405,345 kg,405 kg,zoopedia-payload,2,1.25,false,false,3032d26a,Animal_Tapir_Malayan
Mexican Redknee,Tarantula_MexicanRedknee,mexican-redknee,墨西哥红膝鸟蛛,Vulnerable,Arachnida,Araneae,Theraphosidae,Brachypelma,Desert|Rainforest|Temperate,NorthAmerica,Exhibit,BaseGame,2026-08-18T00:00:00.000Z,0.14,0.14,LegSpan,,,,,,,,,,1325e419,Animal_Tarantula_MexicanRedknee
Sumatran Tiger,Tiger_Sumatran,sumatran-tiger,苏门答腊虎,Endangered,Mammalia,Carnivora,Felidae,Panthera,Rainforest|Wetlands,Asia,HabitatTerrestrial,BaseGame,2026-06-23T00:00:00.000Z,2.4,2.25,NoseToRump,,,,,,3,3,true,false,a76b1ada,Animal_Tiger_Sumatran
African Tigerfish,Tigerfish_African,african-tigerfish,黄金猛鱼,LeastConcern,Actinopterygii,Characiformes,Alestidae,Hydrocynus,LakesAndRivers|LakesAndRivers,Africa|Africa,HabitatAquarium|Exhibit,BaseGame,2026-07-21T00:00:00.000Z,,,,,,,,,,,,,2268cfd1,Animal_Tigerfish_African
Galápagos Giant Tortoise,Tortoise_GalapagosGiant,galápagos-giant-tortoise,加拉帕戈斯象龟,Vulnerable,Reptilia,Testudines,Testudinidae,Chelonoidis,Rainforest,SouthAmerica,HabitatTerrestrial,BaseGame,2026-08-18T00:00:00.000Z,1.3,1.15,Length,,,,,,1,1,false,false,d993642a,Animal_Tortoise_GalapagosGiant
Toco Toucan,Toucan_Toco,toco-toucan,巨嘴鸟,LeastConcern,Aves,Piciformes,Ramphastidae,Ramphastos,Rainforest|Savannah|Wetlands,SouthAmerica,HabitatFlying,BaseGame,2026-08-04T00:00:00.000Z,0.56,0.56,Length,,,,,,2,1,false,false,eaf3f3ba,Animal_Toucan_Toco
Golden Poison Frog,TreeFrog_GoldenPoison,golden-poison-frog,金色箭毒蛙,Endangered,Amphibia,Anura,Dendrobatidae,Phyllobates,Rainforest,SouthAmerica,Exhibit,BaseGame,2026-07-07T00:00:00.000Z,0.05,0.05,Length,,,,,,,,,,9ce7660e,Animal_TreeFrog_GoldenPoison
Lehmann's Poison Frog,TreeFrog_LehmannsPoison,lehmann-s-poison-frog,红带箭毒蛙,CriticallyEndangered,Amphibia,Anura,Dendrobatidae,Oophaga,Rainforest,SouthAmerica,Exhibit,BaseGame,2026-09-08T00:00:00.000Z,0.03,0.03,Length,,,,,,,,,,07f4ebc6,Animal_TreeFrog_LehmannsPoison
Red-Eyed Tree Frog,TreeFrog_RedEyed,red-eyed-tree-frog,红眼树蛙,LeastConcern,Amphibia,Anura,Phyllomedusidae,Agalychnis,Rainforest,NorthAmerica|SouthAmerica,Exhibit,BaseGame,2026-10-06T00:00:00.000Z,0.05,0.075,Length,0.001,0.0012,0.001 kg,0.0012 kg,zoopedia-payload,,,,,be1669c2,Animal_TreeFrog_RedEyed
Golden Trevally,Trevally_Golden,golden-trevally,黄鹂无齿鲹,LeastConcern,Actinopterygii,Carangiformes,Carangidae,Gnathanodon,Estuarine|Reef,IndianOcean|PacificOcean,HabitatAquarium,BaseGame,2026-07-28T00:00:00.000Z,,,,,,,,,,,,,a5b512bf,Animal_Trevally_Golden
Clown Triggerfish,Triggerfish_Clown,clown-triggerfish,花斑拟鳞鲀,LeastConcern,Actinopterygii,Tetraodontiformes,Balistidae,Balistoides,Reef,IndianOcean|PacificOcean,HabitatAquarium,BaseGame,2026-08-25T00:00:00.000Z,0.4,0.4,Length,2,2,2 kg,2 kg,zoopedia-payload,1,1,false,false,65f778d4,Animal_Triggerfish_Clown
Brown Trout,Trout_Brown,brown-trout,褐鳟,LeastConcern,Actinopterygii,Salmoniformes,Salmonidae,Salmo,LakesAndRivers|LakesAndRivers,Europe|Europe,HabitatAquarium|Exhibit,BaseGame,2026-06-30T00:00:00.000Z,,,,,,,,,,,,,0e1941db,Animal_Trout_Brown
Pacific Bluefin Tuna,Tuna_PacificBluefin,pacific-bluefin-tuna,太平洋蓝鳍金枪鱼,NearThreatened,Actinopterygii,Scombriformes,Scombridae,Thunnus,OpenSea,PacificOcean,HabitatAquarium,BaseGame,2026-09-01T00:00:00.000Z,,,,,,,,,,,,,8f5579e1,Animal_Tuna_PacificBluefin
Diamondback Terrapin,Turtle_DiamondbackTerrapin,diamondback-terrapin,钻纹龟,Vulnerable,Reptilia,Testudines,Emydidae,Malaclemys,Estuarine|Mangrove|Wetlands,NorthAmerica,Exhibit,BaseGame,2026-07-28T00:00:00.000Z,0.13,0.17,Length,0.32,0.72,0.32 kg,0.72 kg,zoopedia-payload,,,,,d55253a8,Animal_Turtle_DiamondbackTerrapin
Hawksbill Turtle,Turtle_Hawksbill,hawksbill-turtle,玳瑁,CriticallyEndangered,Reptilia,Testudines,Cheloniidae,Eretmochelys,Estuarine|Mangrove|OpenSea|Reef,Africa|Asia|AtlanticOcean|Australasia|Europe|IndianOcean|NorthAmerica|PacificOcean|SouthAmerica,HabitatAquarium,BaseGame,2026-07-07T00:00:00.000Z,0.8,0.8,NoseToRump,,,,,,2,1,false,false,a3b60e69,Animal_Turtle_Hawksbill
Bluespine Unicornfish,Unicornfish_Bluespine,bluespine-unicornfish,单角鼻鱼,LeastConcern,Actinopterygii,Acanthuriformes,Acanthuridae,Naso,Reef|Reef,IndianOcean|PacificOcean|IndianOcean|PacificOcean,HabitatAquarium|Exhibit,BaseGame,2026-09-01T00:00:00.000Z,,,,,,,,,,,,,4909624b,Animal_Unicornfish_Bluespine
Desert Horned Viper,Viper_DesertHorned,desert-horned-viper,角蝰,LeastConcern,Reptilia,Squamata,Viperidae,Cerastes,Desert,Africa|Asia,Exhibit,BaseGame,2026-09-01T00:00:00.000Z,1,1,Length,1,1,,,zoopedia-overview-text,,,,,1931f561,Animal_Viper_DesertHorned
Eastern Brown Snake,Viper_EasternBrown,eastern-brown-snake,东部拟眼镜蛇,LeastConcern,Reptilia,Squamata,Elapidae,Pseudonaja,Desert|Savannah|Temperate,Australasia,Exhibit,BaseGame,2026-08-18T00:00:00.000Z,1.75,1.75,Length,,,,,,,,,,d71b5b7f,Animal_Viper_EasternBrown
Western Diamondback Rattlesnake,Viper_WesternDiamondback,western-diamondback-rattlesnake,西部菱斑响尾蛇,LeastConcern,Reptilia,Squamata,Viperidae,Crotalus,Desert|Savannah|Temperate,NorthAmerica,Exhibit,BaseGame,2026-08-11T00:00:00.000Z,1.4,1.2,Length,,,,,,,,,,db6e1446,Animal_Viper_WesternDiamondback
White-Backed Vulture,Vulture_WhiteBacked,white-backed-vulture,非洲白背兀鹫,CriticallyEndangered,Aves,Accipitriformes,Accipitridae,Gyps,Desert|Savannah,Africa,HabitatFlying,BaseGame,2026-09-08T00:00:00.000Z,2.02,2.4,LegSpan,,,,,,2,1,false,false,5cb85bb0,Animal_Vulture_WhiteBacked
Common Warthog,Warthog_Common,common-warthog,疣猪,LeastConcern,Mammalia,Artiodactyla,Suidae,Phacochoerus,Savannah,Africa,HabitatTerrestrial,BaseGame,2026-09-15T00:00:00.000Z,0.8,0.7,Shoulder,105,60,105 kg,60 kg,zoopedia-payload,2,1.25,false,false,da6591bb,Animal_Warthog_Common
Black Wildebeest,Wildebeest_Black,black-wildebeest,白尾角马,LeastConcern,Mammalia,Artiodactyla,Bovidae,Connochaetes,Savannah,Africa,HabitatTerrestrial,BaseGame,2026-08-25T00:00:00.000Z,1.1,1.05,Shoulder,170,140,170 kg,140 kg,zoopedia-payload,2,1.25,false,false,45bc9eb0,Animal_Wildebeest_Black
Blue Wildebeest,Wildebeest_Blue,blue-wildebeest,黑尾牛羚,LeastConcern,Mammalia,Artiodactyla,Bovidae,Connochaetes,Savannah,Africa,HabitatTerrestrial,BaseGame,2026-07-07T00:00:00.000Z,1.4,1.2,Shoulder,227.5,200,227.5 kg,200 kg,zoopedia-payload,2,1.25,false,false,c732811c,Animal_Wildebeest_Blue
Grey Wolf,Wolf_Grey,grey-wolf,狼,LeastConcern,Mammalia,Carnivora,Canidae,Canis,Desert|Rainforest|Savannah|Taiga|Temperate|Tundra,Asia|Europe|NorthAmerica,HabitatTerrestrial,BaseGame,2026-08-04T00:00:00.000Z,0.8,0.8,Shoulder,44,37,44 kg,37 kg,zoopedia-payload,3,3,false,false,8bb3d123,Animal_Wolf_Grey
Humphead Wrasse,Wrasse_Humphead,humphead-wrasse,波纹唇鱼,Endangered,Actinopterygii,Labriformes,Labridae,Cheilinus,OpenSea|Reef,IndianOcean|PacificOcean,HabitatAquarium,BaseGame,2026-06-30T00:00:00.000Z,2,1.45,NoseToRump,,,,,,2,1,false,false,99a56fc7,Animal_Wrasse_Humphead
Plains Zebra,Zebra_Plains,plains-zebra,平原斑马,NearThreatened,Mammalia,Perissodactyla,Equidae,Equus,Savannah,Africa,HabitatTerrestrial,BaseGame,2026-07-07T00:00:00.000Z,1.2,1.2,Shoulder,1,1,220–320 kg,175–250 kg,zoopedia-overview-text,2,1.25,false,false,48ec061b,Animal_Zebra_Plains
